,SMA,MA,AR,ARMA,ARIMA,SARIMA
MAE:,10.8002442894572,9.85934594841559,9.85934641125961,9.86053547040472,10.155405159858,10.1424317317231
RMSE:,12.74,11.4263692663181,11.4264262845965,11.4277436693772,11.8373734373112,11.7451468893526
