Model,MAE,RMSE
SMA,10.8002442894572,12.74
MA,9.85934594841559,11.4263692663181
AR,9.85934641125961,11.4264262845965
ARMA,9.86053547040472,11.4277436693772
ARIMA,10.155405159858,11.8373734373112
SARIMA,10.1424317317231,11.7451468893526
