,Model,MAE,RMSE,MSE
0,LSTM,5.3773512840271,6.457006141719937,41.692928314208984
1,SARIMA,8.314932192204232,9.527215092061052,90.76782741039587
2,ARIMA,8.940819739215065,10.583052054979467,112.0009907984051
3,ARMA,8.398003086138607,9.67255292101942,93.55828000992132
4,MA,8.397819121292688,9.672412219328816,93.5555581406214
5,AR,8.399196514297815,9.673861277296306,93.5835920123729
